Source,File,Method,Code_Smell,Line_no,Start_line,End_line,Details
dataset,ff_ippo_store_experience.py,_update_step,Complex method,,68,308,Method '_update_step' has cyclomatic complexity of 8 (threshold: 7). Extract nested conditions into separate methods.
dataset,ff_ippo_store_experience.py,run_experiment,Complex method,,451,670,Method 'run_experiment' has cyclomatic complexity of 9 (threshold: 7). Extract nested conditions into separate methods.
dataset,ff_ippo_store_experience.py,_update_step,Long method,,68,308,Method '_update_step' has 222 lines (threshold: 67). Consider breaking it down into smaller methods.
dataset,ff_ippo_store_experience.py,run_experiment,Long method,,451,670,Method 'run_experiment' has 220 lines (threshold: 67). Consider breaking it down into smaller methods.
dataset,ff_ippo_store_experience.py,learner_setup,Long method,,346,448,Method 'learner_setup' has 103 lines (threshold: 67). Consider breaking it down into smaller methods.
dataset,ff_ippo_store_experience.py,_update_epoch,Long method,,154,296,Method '_update_epoch' has 143 lines (threshold: 67). Consider breaking it down into smaller methods.
dataset,ff_ippo_store_experience.py,file_level,Long statement,104,,,Line 104 has 121 characters (threshold: 120). Break into multiple lines.
dataset,ff_ippo_store_experience.py,file_level,Long statement,364,,,Line 364 has 121 characters (threshold: 120). Break into multiple lines.
dataset,ff_ippo_store_experience.py,file_level,Long statement,402,,,Line 402 has 121 characters (threshold: 120). Break into multiple lines.
dataset,ff_ippo_store_experience.py,file_level,Long statement,439,,,Line 439 has 121 characters (threshold: 120). Break into multiple lines.
dataset,ff_ippo_store_experience.py,run_experiment,Long identifier,502,,,Identifier 'dummy_flashbax_transition' has 26 characters (threshold: 20). Consider shortening.
dataset,ff_ippo_store_experience.py,run_experiment,Long identifier,534,,,Identifier 'dummy_flashbax_transition' has 26 characters (threshold: 20). Consider shortening.
dataset,ff_ippo_store_experience.py,run_experiment,Long identifier,635,,,Identifier 'unreplicated_learner_state' has 27 characters (threshold: 20). Consider shortening.
dataset,ff_ippo_store_experience.py,run_experiment,Long identifier,653,,,Identifier 'num_absolute_metric_eval_episodes' has 34 characters (threshold: 20). Consider shortening.
dataset,ff_ippo_store_experience.py,_get_advantages,Magic number,148,,,Magic number 16 found in '_get_advantages'. Define as UNROLL_STEPS = 16.
dataset,ff_ippo_store_experience.py,_actor_loss_fn,Magic number,176,,,Magic number 1e-8 found in '_actor_loss_fn'. Define as EPSILON_NORMALIZATION = 1e-8.
dataset,ff_ippo_store_experience.py,learner_setup,Magic number,372,,,Magic number 1e-5 found in 'learner_setup'. Define as ADAM_EPSILON = 1e-5.
dataset,ff_ippo_store_experience.py,learner_setup,Magic number,376,,,Magic number 1e-5 found in 'learner_setup'. Define as ADAM_EPSILON = 1e-5.
dataset,ff_ippo_store_experience.py,_critic_loss_fn,Magic number,209,,,Magic number 0.5 found in '_critic_loss_fn'. Define as VALUE_LOSS_COEFFICIENT = 0.5.
dataset,ff_ippo_store_experience.py,run_experiment,Magic number,463,,,Magic number 3 found in 'run_experiment'. Define as NUM_PRNG_KEYS = 3.
dataset,ff_ippo_store_experience.py,run_experiment,Magic number,523,,,Magic number 5e5 found in 'run_experiment'. Define as BUFFER_MAX_LENGTH = 5e5.
dataset,ff_ippo_store_experience.py,file_level,Long lambda function,104,,,Lambda at line 104 has 93 characters (threshold: 80). Convert to named function.
dataset,ff_ippo_store_experience.py,learner_setup,Long lambda function,413,,,Lambda at line 413 has 81 characters (threshold: 80). Convert to named function.
dataset,ff_ippo_store_experience.py,learner_setup,Long lambda function,434,,,Lambda at line 434 has 82 characters (threshold: 80). Convert to named function.
dataset,ff_ippo_store_experience.py,learner_setup,Long lambda function,438,,,Lambda at line 438 has 95 characters (threshold: 80). Convert to named function.
dataset,ff_ippo_store_experience.py,learner_setup,Long message chain,354,,,Message chain at line 354 has 3 chained methods (threshold: 2). Use 'Hide Delegate' pattern.
dataset,ff_ippo_store_experience.py,learner_setup,Long message chain,355,,,Message chain at line 355 has 3 chained methods (threshold: 2). Use 'Hide Delegate' pattern.
dataset,ff_ippo_store_experience.py,run_experiment,Long message chain,509,,,Message chain at line 509 has 3 chained methods (threshold: 2). Use 'Hide Delegate' pattern.
dataset,checkpointing.py,restore_params,Complex method,,149,207,Method 'restore_params' has cyclomatic complexity of 8 (threshold: 7). Extract nested conditions into separate methods.
dataset,checkpointing.py,restore_params,Long method,,149,207,Method 'restore_params' has 59 lines (threshold: 67). Consider breaking it down into smaller methods.
dataset,checkpointing.py,__init__,Long parameter list,39,,,Method '__init__' has 7 parameters (threshold: 4). Consider introducing a parameter object.
dataset,checkpointing.py,__init__,Long statement,59,,,Line 59 has 121 characters (threshold: 120). Break into multiple lines.
dataset,checkpointing.py,__init__,Long statement,104,,,Line 104 has 121 characters (threshold: 120). Break into multiple lines.
dataset,checkpointing.py,restore_params,Long statement,203,,,Line 203 has 121 characters (threshold: 120). Break into multiple lines.
dataset,checkpointing.py,__init__,Long identifier,45,,,Identifier 'save_interval_steps' has 21 characters (threshold: 20). Consider shortening.
dataset,checkpointing.py,__init__,Long identifier,87,,,Identifier 'save_interval_steps' has 21 characters (threshold: 20). Consider shortening.
dataset,checkpointing.py,__init__,Long identifier,101,,,Identifier 'metadata_json_ready' has 21 characters (threshold: 20). Consider shortening.
dataset,checkpointing.py,__init__,Long identifier,109,,,Identifier 'metadata_json_ready' has 21 characters (threshold: 20). Consider shortening.
dataset,checkpointing.py,save,Long identifier,119,,,Identifier 'unreplicated_learner_state' has 28 characters (threshold: 20). Consider shortening.
dataset,checkpointing.py,save,Long identifier,142,,,Identifier 'unreplicated_learner_state' has 28 characters (threshold: 20). Consider shortening.
dataset,checkpointing.py,restore_params,Long identifier,180,,,Identifier 'restored_checkpoint' has 21 characters (threshold: 20). Consider shortening.
dataset,checkpointing.py,restore_params,Long identifier,185,,,Identifier 'restored_learner_state_raw' has 28 characters (threshold: 20). Consider shortening.
dataset,checkpointing.py,restore_params,Long identifier,195,,,Identifier 'restored_learner_state_raw' has 28 characters (threshold: 20). Consider shortening.
dataset,checkpointing.py,restore_params,Long identifier,197,,,Identifier 'restored_learner_state_raw' has 28 characters (threshold: 20). Consider shortening.
dataset,checkpointing.py,restore_params,Long identifier,203,,,Identifier 'restored_learner_state_raw' has 28 characters (threshold: 20). Consider shortening.
dataset,checkpointing.py,restore_params,Long identifier,205,,,Identifier 'restored_learner_state_raw' has 28 characters (threshold: 20). Consider shortening.
dataset,checkpointing.py,__init__,Long lambda function,85,,,Lambda at line 85 has 81 characters (threshold: 80). Convert to named function.
dataset,checkpointing.py,__init__,Long message chain,80,,,Message chain at line 80 has 3 chained methods (threshold: 2). Use 'Hide Delegate' pattern.
dataset,ff_isac.py,init,Complex method,,58,208,Method 'init' has cyclomatic complexity of 8 (threshold: 7). Extract nested conditions into separate methods.
dataset,ff_isac.py,update_actor_and_alpha,Complex method,,342,384,Method 'update_actor_and_alpha' has cyclomatic complexity of 8 (threshold: 7). Extract nested conditions into separate methods.
dataset,ff_isac.py,run_experiment,Complex method,,491,602,Method 'run_experiment' has cyclomatic complexity of 10 (threshold: 7). Extract nested conditions into separate methods.
dataset,ff_isac.py,init,Long method,,58,208,Method 'init' has 151 lines (threshold: 67). Consider breaking it down into smaller methods.
dataset,ff_isac.py,make_update_fns,Long method,,211,488,Method 'make_update_fns' has 278 lines (threshold: 67). Consider breaking it down into smaller methods.
dataset,ff_isac.py,run_experiment,Long method,,491,602,Method 'run_experiment' has 112 lines (threshold: 67). Consider breaking it down into smaller methods.
dataset,ff_isac.py,step,Long parameter list,245,,,Method 'step' has 5 parameters (threshold: 4). Consider introducing a parameter object.
dataset,ff_isac.py,actor_loss_fn,Long parameter list,284,,,Method 'actor_loss_fn' has 5 parameters (threshold: 4). Consider introducing a parameter object.
dataset,ff_isac.py,file_level,Long identifier,581,,,Identifier 'unreplicated_learner_state' has 27 characters (threshold: 20). Consider shortening.
dataset,ff_isac.py,file_level,Long identifier,584,,,Identifier 'unreplicated_learner_state' has 27 characters (threshold: 20). Consider shortening.
dataset,ff_isac.py,file_level,Long identifier,595,,,Identifier 'abs_metric_evaluator' has 21 characters (threshold: 20). Consider shortening.
dataset,ff_isac.py,init,Magic number,104,,,Magic number 6 found in 'init'. Define as NUM_RANDOM_SPLITS = 6.
dataset,ff_isac.py,train,Magic number,392,,,Magic number 4 found in 'train'. Define as NUM_KEY_SPLITS = 4.
dataset,ff_isac.py,update_step,Magic number,453,,,Magic number 3 found in 'update_step'. Define as NUM_KEY_SPLITS = 3.
dataset,ff_isac.py,replicate,Long lambda function,96,,,Lambda at line 96 has 81 characters (threshold: 80). Convert to named function.
dataset,ff_isac.py,file_level,Long lambda function,403,,,Lambda at line 403 has 88 characters (threshold: 80). Convert to named function.
dataset,ff_isac.py,init,Long message chain,106,,,Message chain at line 106 has 3 chained methods (threshold: 2). Use 'Hide Delegate' pattern.
dataset,ff_isac.py,init,Long message chain,108,,,Message chain at line 108 has 3 chained methods (threshold: 2). Use 'Hide Delegate' pattern.
dataset,rec_ippo.py,_update_step,Complex method,,69,407,Method '_update_step' has cyclomatic complexity of 8 (threshold: 7). Extract nested conditions into separate methods.
dataset,rec_ippo.py,learner_setup,Complex method,,442,580,Method 'learner_setup' has cyclomatic complexity of 8 (threshold: 7). Extract nested conditions into separate methods.
dataset,rec_ippo.py,run_experiment,Complex method,,583,721,Method 'run_experiment' has cyclomatic complexity of 10 (threshold: 7). Extract nested conditions into separate methods.
dataset,rec_ippo.py,_update_step,Long method,,69,407,Method '_update_step' has 339 lines (threshold: 67). Consider breaking it down into smaller methods.
dataset,rec_ippo.py,learner_setup,Long method,,442,580,Method 'learner_setup' has 139 lines (threshold: 67). Consider breaking it down into smaller methods.
dataset,rec_ippo.py,run_experiment,Long method,,583,721,Method 'run_experiment' has 139 lines (threshold: 67). Consider breaking it down into smaller methods.
dataset,rec_ippo.py,_actor_loss_fn,Long parameter list,214,,,Method '_actor_loss_fn' has 5 parameters (threshold: 4). Consider introducing a parameter object.
dataset,rec_ippo.py,file_level,Long identifier,170,,,Identifier 'batched_last_observation' has 25 characters (threshold: 20). Consider shortening.
dataset,rec_ippo.py,file_level,Long identifier,689,,,Identifier 'unreplicated_learner_state' has 27 characters (threshold: 20). Consider shortening.
dataset,rec_ippo.py,_get_advantages,Magic number,199,,,Magic number 16 found in '_get_advantages'. Define as UNROLL_SIZE = 16.
dataset,rec_ippo.py,_actor_loss_fn,Magic number,231,,,Magic number 1e-8 found in '_actor_loss_fn'. Define as EPSILON_STABILITY = 1e-8.
dataset,rec_ippo.py,_critic_loss_fn,Magic number,268,,,Magic number 0.5 found in '_critic_loss_fn'. Define as VALUE_LOSS_COEFFICIENT = 0.5.
dataset,rec_ippo.py,learner_setup,Magic number,482,,,Magic number 1e-5 found in 'learner_setup'. Define as ADAM_EPSILON = 1e-5.
dataset,rec_ippo.py,learner_setup,Magic number,486,,,Magic number 1e-5 found in 'learner_setup'. Define as ADAM_EPSILON = 1e-5.
dataset,rec_ippo.py,run_experiment,Magic number,602,,,Magic number 4 found in 'run_experiment'. Define as NUM_PRNG_KEYS = 4.
dataset,rec_ippo.py,_env_step,Long lambda function,108,,,Lambda at line 108 has 81 characters (threshold: 80). Convert to named function.
dataset,rec_ippo.py,_update_step,Long lambda function,170,,,Lambda at line 170 has 81 characters (threshold: 80). Convert to named function.
dataset,rec_ippo.py,_update_epoch,Long lambda function,358,,,Lambda at line 358 has 82 characters (threshold: 80). Convert to named function.
dataset,rec_ippo.py,learner_setup,Long lambda function,492,,,Lambda at line 492 has 88 characters (threshold: 80). Convert to named function.
dataset,rec_ippo.py,learner_setup,Long lambda function,546,,,Lambda at line 546 has 103 characters (threshold: 80). Convert to named function.
dataset,rec_ippo.py,learner_setup,Long lambda function,563,,,Lambda at line 563 has 93 characters (threshold: 80). Convert to named function.
dataset,rec_ippo.py,_env_step,Long message chain,133,,,Message chain at line 133 has 3 chained methods (threshold: 2). Use 'Hide Delegate' pattern.
dataset,ff_ippo.py,_update_step,Complex method,,61,316,Method '_update_step' has cyclomatic complexity of 8 (threshold: 7). Extract nested conditions into separate methods.
dataset,ff_ippo.py,run_experiment,Complex method,,451,570,Method 'run_experiment' has cyclomatic complexity of 8 (threshold: 7). Extract nested conditions into separate methods.
dataset,ff_ippo.py,_update_step,Long method,,61,316,Method '_update_step' has 256 lines (threshold: 67). Consider breaking it down into smaller methods.
dataset,ff_ippo.py,_update_minibatch,Long method,,156,282,Method '_update_minibatch' has 127 lines (threshold: 67). Consider breaking it down into smaller methods.
dataset,ff_ippo.py,learner_setup,Long method,,349,448,Method 'learner_setup' has 100 lines (threshold: 67). Consider breaking it down into smaller methods.
dataset,ff_ippo.py,run_experiment,Long method,,451,570,Method 'run_experiment' has 120 lines (threshold: 67). Consider breaking it down into smaller methods.
dataset,ff_ippo.py,run_experiment,Complex conditional,547,,,Conditional at line 547 has 3 logical operators (threshold: 2). Extract into named boolean variables.
dataset,ff_ippo.py,_actor_loss_fn,Long parameter list,162,,,Method '_actor_loss_fn' has 5 parameters (threshold: 4). Consider introducing a parameter object.
dataset,ff_ippo.py,get_learner_fn,Long identifier,338,,,Identifier 'num_updates_per_eval' has 21 characters (threshold: 20). Consider shortening.
dataset,ff_ippo.py,run_experiment,Long identifier,483,,,Identifier 'num_updates_per_eval' has 21 characters (threshold: 20). Consider shortening.
dataset,ff_ippo.py,run_experiment,Long identifier,486,,,Identifier 'num_updates_per_eval' has 21 characters (threshold: 20). Consider shortening.
dataset,ff_ippo.py,run_experiment,Long identifier,543,,,Identifier 'unreplicated_learner_state' has 27 characters (threshold: 20). Consider shortening.
dataset,ff_ippo.py,run_experiment,Long identifier,559,,,Identifier 'abs_metric_evaluator' has 21 characters (threshold: 20). Consider shortening.
dataset,ff_ippo.py,run_experiment,Long identifier,562,,,Identifier 'abs_metric_evaluator' has 21 characters (threshold: 20). Consider shortening.
dataset,ff_ippo.py,_get_advantages,Magic number,147,,,Magic number 16 found in '_get_advantages'. Define as UNROLL_STEPS = 16.
dataset,ff_ippo.py,_actor_loss_fn,Magic number,176,,,Magic number 1e-8 found in '_actor_loss_fn'. Define as EPSILON_NORMALIZATION = 1e-8.
dataset,ff_ippo.py,_critic_loss_fn,Magic number,210,,,Magic number 0.5 found in '_critic_loss_fn'. Define as VALUE_LOSS_COEFFICIENT = 0.5.
dataset,ff_ippo.py,learner_setup,Magic number,377,,,Magic number 1e-5 found in 'learner_setup'. Define as ADAM_EPSILON = 1e-5.
dataset,ff_ippo.py,learner_setup,Magic number,381,,,Magic number 1e-5 found in 'learner_setup'. Define as ADAM_EPSILON = 1e-5.
dataset,ff_ippo.py,run_experiment,Magic number,462,,,Magic number 4 found in 'run_experiment'. Define as NUM_PRNG_KEYS = 4.
dataset,ff_ippo.py,file_level,Long lambda function,98,,,Lambda at line 98 has 88 characters (threshold: 80). Convert to named function.
dataset,ff_ippo.py,file_level,Long lambda function,291,,,Lambda at line 291 has 81 characters (threshold: 80). Convert to named function.
dataset,ff_ippo.py,file_level,Long lambda function,292,,,Lambda at line 292 has 82 characters (threshold: 80). Convert to named function.
dataset,ff_ippo.py,file_level,Long lambda function,294,,,Lambda at line 294 has 93 characters (threshold: 80). Convert to named function.
dataset,ff_ippo.py,file_level,Long lambda function,414,,,Lambda at line 414 has 99 characters (threshold: 80). Convert to named function.
dataset,ff_ippo.py,file_level,Long lambda function,438,,,Lambda at line 438 has 87 characters (threshold: 80). Convert to named function.
dataset,ff_mappo.py,_update_step,Complex method,,56,300,Method '_update_step' has cyclomatic complexity of 8 (threshold: 7). Extract nested conditions into separate methods.
dataset,ff_mappo.py,run_experiment,Complex method,,435,553,Method 'run_experiment' has cyclomatic complexity of 8 (threshold: 7). Extract nested conditions into separate methods.
dataset,ff_mappo.py,run_experiment,Long method,,435,553,Method 'run_experiment' has 119 lines (threshold: 67). Consider breaking it down into smaller methods.
dataset,ff_mappo.py,learner_setup,Long method,,333,431,Method 'learner_setup' has 99 lines (threshold: 67). Consider breaking it down into smaller methods.
dataset,ff_mappo.py,_actor_loss_fn,Long parameter list,150,,,Method '_actor_loss_fn' has 5 parameters (threshold: 4). Consider introducing a parameter object.
dataset,ff_mappo.py,_env_step,Long statement,92,,,Line 92 has 121 characters (threshold: 120). Break into multiple lines.
dataset,ff_mappo.py,_update_minibatch,Long statement,193,,,Line 193 has 121 characters (threshold: 120). Break into multiple lines.
dataset,ff_mappo.py,_update_epoch,Long statement,278,,,Line 278 has 121 characters (threshold: 120). Break into multiple lines.
dataset,ff_mappo.py,learner_setup,Long statement,393,,,Line 393 has 121 characters (threshold: 120). Break into multiple lines.
dataset,ff_mappo.py,learner_setup,Long statement,399,,,Line 399 has 121 characters (threshold: 120). Break into multiple lines.
dataset,ff_mappo.py,learner_setup,Long statement,422,,,Line 422 has 121 characters (threshold: 120). Break into multiple lines.
dataset,ff_mappo.py,run_experiment,Long statement,464,,,Line 464 has 121 characters (threshold: 120). Break into multiple lines.
dataset,ff_mappo.py,run_experiment,Long statement,467,,,Line 467 has 121 characters (threshold: 120). Break into multiple lines.
dataset,ff_mappo.py,run_experiment,Long statement,508,,,Line 508 has 121 characters (threshold: 120). Break into multiple lines.
dataset,ff_mappo.py,run_experiment,Long statement,542,,,Line 542 has 121 characters (threshold: 120). Break into multiple lines.
dataset,ff_mappo.py,file_level,Long identifier,322,,,Identifier 'num_updates_per_eval' has 21 characters (threshold: 20). Consider shortening.
dataset,ff_mappo.py,file_level,Long identifier,467,,,Identifier 'num_updates_per_eval' has 21 characters (threshold: 20). Consider shortening.
dataset,ff_mappo.py,file_level,Long identifier,470,,,Identifier 'num_updates_per_eval' has 21 characters (threshold: 20). Consider shortening.
dataset,ff_mappo.py,file_level,Long identifier,526,,,Identifier 'unreplicated_learner_state' has 27 characters (threshold: 20). Consider shortening.
dataset,ff_mappo.py,file_level,Long identifier,542,,,Identifier 'abs_metric_evaluator' has 21 characters (threshold: 20). Consider shortening.
dataset,ff_mappo.py,_get_advantages,Magic number,135,,,Magic number 16 found in '_get_advantages'. Define as UNROLL_STEPS = 16.
dataset,ff_mappo.py,_actor_loss_fn,Magic number,164,,,Magic number 1e-8 found in '_actor_loss_fn'. Define as EPSILON_STABILITY = 1e-8.
dataset,ff_mappo.py,learner_setup,Magic number,361,,,Magic number 1e-5 found in 'learner_setup'. Define as ADAM_EPSILON = 1e-5.
dataset,ff_mappo.py,learner_setup,Magic number,365,,,Magic number 1e-5 found in 'learner_setup'. Define as ADAM_EPSILON = 1e-5.
dataset,ff_mappo.py,_critic_loss_fn,Magic number,198,,,Magic number 0.5 found in '_critic_loss_fn'. Define as VALUE_LOSS_COEFFICIENT = 0.5.
dataset,ff_mappo.py,run_experiment,Magic number,446,,,Magic number 4 found in 'run_experiment'. Define as NUM_PRNG_KEYS = 4.
dataset,ff_mappo.py,file_level,Long lambda function,92,,,Lambda at line 92 has 88 characters (threshold: 80). Convert to named function.
dataset,ff_mappo.py,file_level,Long lambda function,398,,,Lambda at line 398 has 93 characters (threshold: 80). Convert to named function.
dataset,ff_mappo.py,file_level,Long lambda function,422,,,Lambda at line 422 has 81 characters (threshold: 80). Convert to named function.
dataset,ff_mappo.py,run_experiment,Long message chain,513,,,Message chain at line 513 has 3 chained methods (threshold: 2). Use 'Hide Delegate' pattern.
dataset,_spellchecker.py,build_dict,Long lambda function,60,,,Lambda at line 60 has 81 characters (threshold: 80). Convert to named function.
dataset,_codespell.py,parse_options,Complex method,,375,697,Method 'parse_options' has cyclomatic complexity of 10 (threshold: 7). Extract nested conditions into separate methods.
dataset,_codespell.py,parse_file,Complex method,,873,1084,Method 'parse_file' has cyclomatic complexity of 35 (threshold: 7). Extract nested conditions into separate methods.
dataset,_codespell.py,main,Complex method,,1117,1351,Method 'main' has cyclomatic complexity of 28 (threshold: 7). Extract nested conditions into separate methods.
dataset,_codespell.py,parse_options,Long method,,375,697,Method 'parse_options' has 323 lines (threshold: 67). Consider breaking it down into smaller methods.
dataset,_codespell.py,parse_file,Long method,,873,1084,Method 'parse_file' has 212 lines (threshold: 67). Consider breaking it down into smaller methods.
dataset,_codespell.py,main,Long method,,1117,1351,Method 'main' has 235 lines (threshold: 67). Consider breaking it down into smaller methods.
dataset,_codespell.py,is_hidden,Complex conditional,743,,,Conditional at line 743 has 3 logical operators (threshold: 2). Extract into named boolean variables.
dataset,_codespell.py,parse_file,Complex conditional,991,,,Conditional at line 991 has 4 logical operators (threshold: 2). Extract into named boolean variables.
dataset,_codespell.py,parse_file,Complex conditional,1030,,,Conditional at line 1030 has 3 logical operators (threshold: 2). Extract into named boolean variables.
dataset,_codespell.py,main,Complex conditional,1242,,,Conditional at line 1242 has 3 logical operators (threshold: 2). Extract into named boolean variables.
dataset,_codespell.py,main,Complex conditional,1250,,,Conditional at line 1250 has 3 logical operators (threshold: 2). Extract into named boolean variables.
dataset,_codespell.py,main,Complex conditional,1325,,,Conditional at line 1325 has 3 logical operators (threshold: 2). Extract into named boolean variables.
dataset,_codespell.py,parse_file,Long parameter list,873,,,Method 'parse_file' has 12 parameters (threshold: 4). Consider introducing a parameter object.
dataset,_codespell.py,apply_uri_ignore_words,Long parameter list,852,,,Method 'apply_uri_ignore_words' has 6 parameters (threshold: 4). Consider introducing a parameter object.
dataset,_codespell.py,ask_for_word_fix,Long parameter list,754,,,Method 'ask_for_word_fix' has 5 parameters (threshold: 4). Consider introducing a parameter object.
dataset,_codespell.py,file_level,Long statement,111,,,Line 111 has 127 characters (threshold: 120). Break into multiple lines.
dataset,_codespell.py,file_level,Long statement,448,,,Line 448 has 121 characters (threshold: 120). Break into multiple lines.
dataset,_codespell.py,file_level,Long statement,561,,,Line 561 has 121 characters (threshold: 120). Break into multiple lines.
dataset,_codespell.py,file_level,Long statement,596,,,Line 596 has 121 characters (threshold: 120). Break into multiple lines.
dataset,_codespell.py,file_level,Long statement,1242,,,Line 1242 has 121 characters (threshold: 120). Break into multiple lines.
dataset,_codespell.py,file_level,Long statement,1250,,,Line 1250 has 121 characters (threshold: 120). Break into multiple lines.
dataset,_codespell.py,file_level,Long identifier,45,,,Identifier 'ENABLE_VIRTUAL_TERMINAL_PROCESSING' has 35 characters (threshold: 20). Consider shortening.
dataset,_codespell.py,file_level,Long identifier,69,,,Identifier 'supported_languages_en' has 22 characters (threshold: 20). Consider shortening.
dataset,_codespell.py,file_level,Long identifier,210,,,Identifier 'ignore_multiline_regex' has 22 characters (threshold: 20). Consider shortening.
dataset,_codespell.py,file_level,Long identifier,216,,,Identifier 'ignore_multiline_regex' has 22 characters (threshold: 20). Consider shortening.
dataset,_codespell.py,open_with_internal,Long identifier,263,,,Identifier 'open_with_internal' has 21 characters (threshold: 20). Consider shortening.
dataset,_codespell.py,file_level,Long identifier,291,,,Identifier 'ignore_multiline_regex' has 22 characters (threshold: 20). Consider shortening.
dataset,_codespell.py,file_level,Long identifier,295,,,Identifier 'ignore_multiline_regex' has 22 characters (threshold: 20). Consider shortening.
dataset,_codespell.py,_toml_to_parseconfig,Long identifier,334,,,Identifier '_toml_to_parseconfig' has 21 characters (threshold: 20). Consider shortening.
dataset,_codespell.py,file_level,Long identifier,439,,,Identifier 'ignore-multiline-regex' has 22 characters (threshold: 20). Consider shortening.
dataset,_codespell.py,file_level,Long identifier,471,,,Identifier 'uri-ignore-words-list' has 21 characters (threshold: 20). Consider shortening.
dataset,_codespell.py,file_level,Long identifier,574,,,Identifier 'hard-encoding-detection' has 23 characters (threshold: 20). Consider shortening.
dataset,_codespell.py,parse_ignore_words_option,Long identifier,711,,,Identifier 'parse_ignore_words_option' has 25 characters (threshold: 20). Consider shortening.
dataset,_codespell.py,file_level,Long identifier,717,,,Identifier 'comma_separated_words' has 21 characters (threshold: 20). Consider shortening.
dataset,_codespell.py,file_level,Long identifier,1087,,,Identifier 'flatten_clean_comma_separated_arguments' has 40 characters (threshold: 20). Consider shortening.
dataset,_codespell.py,file_level,Long identifier,1091,,,Identifier 'flatten_clean_comma_separated_arguments' has 40 characters (threshold: 20). Consider shortening.
dataset,_codespell.py,file_level,Long identifier,1165,,,Identifier 'ignore_multiline_regex' has 22 characters (threshold: 20). Consider shortening.
dataset,_codespell.py,file_level,Long identifier,1171,,,Identifier 'ignore-multiline-regex' has 22 characters (threshold: 20). Consider shortening.
dataset,_codespell.py,file_level,Long identifier,1175,,,Identifier 'ignore_multiline_regex' has 22 characters (threshold: 20). Consider shortening.
dataset,_codespell.py,file_level,Long identifier,1202,,,Identifier 'uri_ignore_words_list' has 21 characters (threshold: 20). Consider shortening.
dataset,_codespell.py,file_level,Long identifier,1266,,,Identifier 'hard_encoding_detection' has 23 characters (threshold: 20). Consider shortening.
dataset,_codespell.py,file_level,Long identifier,1268,,,Identifier 'ignore_multiline_regex' has 22 characters (threshold: 20). Consider shortening.
dataset,_codespell.py,STD_OUTPUT_HANDLE,Magic number,46,,,Magic number -11 found in 'STD_OUTPUT_HANDLE'. Define as a named constant with descriptive name.
dataset,_codespell.py,__str__,Magic number,201,,,Magic number 15 found in '__str__'. Define as a named constant with descriptive name.
dataset,_codespell.py,is_text_file,Magic number,750,,,Magic number 1024 found in 'is_text_file'. Define as BUFFER_SIZE = 1024.
dataset,_codespell.py,_script_main,Magic number,1108,,,Magic number 130 found in '_script_main'. Define as EXIT_CODE_KEYBOARD_INTERRUPT = 130.
dataset,_codespell.py,open_with_chardet,Empty catch block,248,,,Empty catch block in 'open_with_chardet' at line 248. Add logging or proper error handling.
dataset,_codespell.py,open_with_chardet,Empty catch block,251,,,Empty catch block in 'open_with_chardet' at line 251. Add logging or proper error handling.
dataset,_codespell.py,open_with_internal,Empty catch block,274,,,Empty catch block in 'open_with_internal' at line 274. Add logging or proper error handling.
dataset,_codespell.py,parse_file,Empty catch block,937,,,Empty catch block in 'parse_file' at line 937. Add logging or proper error handling.
dataset,_codespell.py,parse_file,Empty catch block,946,,,Empty catch block in 'parse_file' at line 946. Add logging or proper error handling.
dataset,_codespell.py,file_level,Long lambda function,201,,,Lambda at line 201 has 81 characters (threshold: 80). Convert to named function.
dataset,_codespell.py,file_level,Long lambda function,337,,,Lambda at line 337 has 81 characters (threshold: 80). Convert to named function.
dataset,_codespell.py,file_level,Long lambda function,1097,,,Lambda at line 1097 has 85 characters (threshold: 80). Convert to named function.
dataset,test_dictionary.py,_check_err_rep,Complex method,,137,191,Method '_check_err_rep' has cyclomatic complexity of 8 (threshold: 7). Extract nested conditions into separate methods.
dataset,test_dictionary.py,test_dictionary_looping,Complex method,,297,363,Method 'test_dictionary_looping' has cyclomatic complexity of 8 (threshold: 7). Extract nested conditions into separate methods.
dataset,test_dictionary.py,_check_aspell,Long parameter list,101,,,Method '_check_aspell' has 5 parameters (threshold: 4). Consider introducing a parameter object.
dataset,test_dictionary.py,_check_err_rep,Long parameter list,137,,,Method '_check_err_rep' has 5 parameters (threshold: 4). Consider introducing a parameter object.
dataset,test_dictionary.py,test_error_checking_in_aspell,Long parameter list,263,,,Method 'test_error_checking_in_aspell' has 5 parameters (threshold: 4). Consider introducing a parameter object.
dataset,test_dictionary.py,file_level,Long statement,117,,,Line 117 has 121 characters (threshold: 120). Break into multiple lines.
dataset,test_dictionary.py,_check_err_rep,Long statement,147,,,Line 147 has 121 characters (threshold: 120). Break into multiple lines.
dataset,test_dictionary.py,_check_err_rep,Long statement,171,,,Line 171 has 121 characters (threshold: 120). Break into multiple lines.
dataset,test_dictionary.py,test_dictionary_looping,Long statement,321,,,Line 321 has 121 characters (threshold: 120). Break into multiple lines.
dataset,test_dictionary.py,file_level,Long identifier,62,,,Identifier 'test_dictionary_formatting' has 28 characters (threshold: 20). Consider shortening.
dataset,test_dictionary.py,file_level,Long identifier,90,,,Identifier 'test_dictionary_sorting' has 26 characters (threshold: 20). Consider shortening.
dataset,test_dictionary.py,file_level,Long identifier,263,,,Identifier 'test_error_checking_in_aspell' has 30 characters (threshold: 20). Consider shortening.
dataset,test_dictionary.py,file_level,Long identifier,297,,,Identifier 'test_dictionary_looping' has 23 characters (threshold: 20). Consider shortening.
dataset,test_dictionary.py,__main__,Magic number,28,,,Magic number '80' found in module level code. Define as SIZE_CONSTANT = '80'.
dataset,test_dictionary.py,__main__,Magic number,31,,,Magic number '80' found in module level code. Define as SIZE_CONSTANT = '80'.
dataset,test_dictionary.py,__main__,Magic number,46,,,Magic number 3 found in module level code. Define as IN_ASPELL_START_INDEX = 3.
dataset,test_dictionary.py,__main__,Magic number,46,,,Magic number 5 found in module level code. Define as IN_DICTIONARY_START_INDEX = 5.
dataset,test_dictionary.py,__main__,Magic number,46,,,Magic number 7 found in module level code. Define as IN_DICTIONARY_END_INDEX = 7.
dataset,test_dictionary.py,file_level,Long lambda function,117,,,Lambda at line 117 has 81 characters (threshold: 80). Convert to named function.
dataset,test_dictionary.py,test_dictionaries_exist,Long message chain,56,,,Message chain at line 56 has 3 chained methods (threshold: 2). Use 'Hide Delegate' pattern.
dataset,test_dictionary.py,test_dictionaries_exist,Long message chain,57,,,Message chain at line 57 has 3 chained methods (threshold: 2). Use 'Hide Delegate' pattern.
dataset,test_dictionary.py,test_dictionary_formatting,Long message chain,77,,,Message chain at line 77 has 3 chained methods (threshold: 2). Use 'Hide Delegate' pattern.
dataset,test_dictionary.py,test_dictionary_sorting,Long message chain,91,,,Message chain at line 91 has 3 chained methods (threshold: 2). Use 'Hide Delegate' pattern.
dataset,test_dictionary.py,test_dictionary_sorting,Long message chain,95,,,Message chain at line 95 has 3 chained methods (threshold: 2). Use 'Hide Delegate' pattern.
dataset,test_basic.py,main,Complex method,,38,61,Method 'main' has cyclomatic complexity of 11 (threshold: 7). Extract nested conditions into separate methods.
dataset,test_basic.py,test_basic,Complex method,,91,154,Method 'test_basic' has cyclomatic complexity of 8 (threshold: 7). Extract nested conditions into separate methods.
dataset,test_basic.py,test_encoding,Complex method,,524,569,Method 'test_encoding' has cyclomatic complexity of 8 (threshold: 7). Extract nested conditions into separate methods.
dataset,test_basic.py,test_check_hidden,Complex method,,641,732,Method 'test_check_hidden' has cyclomatic complexity of 8 (threshold: 7). Extract nested conditions into separate methods.
dataset,test_basic.py,_helper_test_case_handling_in_fixes,Complex method,,759,813,Method '_helper_test_case_handling_in_fixes' has cyclomatic complexity of 9 (threshold: 7). Extract nested conditions into separate methods.
dataset,test_basic.py,test_config_toml,Complex method,,1280,1362,Method 'test_config_toml' has cyclomatic complexity of 9 (threshold: 7). Extract nested conditions into separate methods.
dataset,test_basic.py,test_basic,Long method,,91,163,Method 'test_basic' has 73 lines (threshold: 67). Consider breaking it down into smaller methods.
dataset,test_basic.py,test_interactivity,Long method,,229,293,Method 'test_interactivity' has 65 lines (threshold: 67). Consider breaking it down into smaller methods.
dataset,test_basic.py,test_check_hidden,Long method,,641,732,Method 'test_check_hidden' has 92 lines (threshold: 67). Consider breaking it down into smaller methods.
dataset,test_basic.py,test_uri_ignore_words_list_option_uri,Long method,,1017,1097,Method 'test_uri_ignore_words_list_option_uri' has 81 lines (threshold: 67). Consider breaking it down into smaller methods.
dataset,test_basic.py,test_config_toml,Long method,,1280,1358,Method 'test_config_toml' has 79 lines (threshold: 67). Consider breaking it down into smaller methods.
dataset,test_basic.py,file_level,Long statement,140,,,Line 140 has 133 characters (threshold: 120). Break into multiple lines.
dataset,test_basic.py,file_level,Long statement,153,,,Line 153 has 121 characters (threshold: 120). Break into multiple lines.
dataset,test_basic.py,file_level,Long statement,183,,,Line 183 has 121 characters (threshold: 120). Break into multiple lines.
dataset,test_basic.py,file_level,Long statement,360,,,Line 360 has 121 characters (threshold: 120). Break into multiple lines.
dataset,test_basic.py,file_level,Long statement,361,,,Line 361 has 121 characters (threshold: 120). Break into multiple lines.
dataset,test_basic.py,file_level,Long statement,520,,,Line 520 has 121 characters (threshold: 120). Break into multiple lines.
dataset,test_basic.py,file_level,Long statement,521,,,Line 521 has 121 characters (threshold: 120). Break into multiple lines.
dataset,test_basic.py,file_level,Long statement,1005,,,Line 1005 has 121 characters (threshold: 120). Break into multiple lines.
dataset,test_basic.py,file_level,Long statement,1063,,,Line 1063 has 121 characters (threshold: 120). Break into multiple lines.
dataset,test_basic.py,file_level,Long statement,1119,,,Line 1119 has 121 characters (threshold: 120). Break into multiple lines.
dataset,test_basic.py,file_level,Long statement,1129,,,Line 1129 has 121 characters (threshold: 120). Break into multiple lines.
dataset,test_basic.py,test_uri_ignore_words_list_option_uri,Long identifier,1017,,,Identifier 'test_uri_ignore_words_list_option_uri' has 36 characters (threshold: 20). Consider shortening.
dataset,test_basic.py,test_uri_ignore_words_list_option_email,Long identifier,1082,,,Identifier 'test_uri_ignore_words_list_option_email' has 38 characters (threshold: 20). Consider shortening.
dataset,test_basic.py,_helper_test_case_handling_in_fixes,Long identifier,759,,,Identifier '_helper_test_case_handling_in_fixes' has 35 characters (threshold: 20). Consider shortening.
dataset,test_basic.py,test_case_handling_in_fixes,Long identifier,816,,,Identifier 'test_case_handling_in_fixes' has 26 characters (threshold: 20). Consider shortening.
dataset,test_basic.py,test_ignore_multiline_regex_option,Long identifier,943,,,Identifier 'test_ignore_multiline_regex_option' has 34 characters (threshold: 20). Consider shortening.
dataset,test_basic.py,test_check_filename_irregular_file,Long identifier,631,,,Identifier 'test_check_filename_irregular_file' has 34 characters (threshold: 20). Consider shortening.
dataset,test_basic.py,test_ill_formed_ini_config_file,Long identifier,1258,,,Identifier 'test_ill_formed_ini_config_file' has 31 characters (threshold: 20). Consider shortening.
dataset,test_basic.py,test_unknown_encoding_chardet,Long identifier,572,,,Identifier 'test_unknown_encoding_chardet' has 29 characters (threshold: 20). Consider shortening.
dataset,test_basic.py,test_default_word_parsing,Long identifier,171,,,Identifier 'test_default_word_parsing' has 24 characters (threshold: 20). Consider shortening.
dataset,test_basic.py,test_ignore_words_with_cases,Long identifier,364,,,Identifier 'test_ignore_words_with_cases' has 28 characters (threshold: 20). Consider shortening.
dataset,test_basic.py,test_ignore_regex_option,Long identifier,907,,,Identifier 'test_ignore_regex_option' has 24 characters (threshold: 20). Consider shortening.
dataset,test_basic.py,test_ignore_dictionary,Long identifier,326,,,Identifier 'test_ignore_dictionary' has 22 characters (threshold: 20). Consider shortening.
dataset,test_basic.py,test_stdin,Long identifier,1395,,,Identifier 'single_line_per_error' has 21 characters (threshold: 20). Consider shortening.
dataset,test_basic.py,test_constants,Magic number,29,,,Magic number 64 found in 'test_constants'. Define as EX_USAGE_VALUE = 64.
dataset,test_basic.py,test_constants,Magic number,30,,,Magic number 65 found in 'test_constants'. Define as EX_DATAERR_VALUE = 65.
dataset,test_basic.py,test_constants,Magic number,31,,,Magic number 78 found in 'test_constants'. Define as EX_CONFIG_VALUE = 78.
dataset,test_basic.py,test_basic,Magic number,117,,,Magic number 4 found in 'test_basic'. Define as BUILTIN_DICTIONARIES_COUNT = 4.
dataset,test_basic.py,test_basic,Magic number,142,,,Magic number 8 found in 'test_basic'. Define as EXPECTED_ERROR_COUNT = 8.
dataset,test_basic.py,test_basic,Magic number,158,,,Magic number 16 found in 'test_basic'. Define as QUIET_LEVEL = 16.
dataset,test_basic.py,test_interactivity,Magic number,247,,,Magic number 3 found in 'test_interactivity'. Define as INTERACTIVE_MODE_LEVEL = 3.
dataset,test_basic.py,test_summary,Magic number,314,,,Magic number 5 found in 'test_summary'. Define as SUMMARY_LINES_EMPTY = 5.
dataset,test_basic.py,test_summary,Magic number,322,,,Magic number 7 found in 'test_summary'. Define as SUMMARY_LINES_WITH_ERRORS = 7.
dataset,test_basic.py,test_ignore_words_with_cases,Magic number,376,,,Magic number 3 found in 'test_ignore_words_with_cases'. Define as EXPECTED_MIS_ERRORS = 3.
dataset,test_basic.py,test_ignore_words_with_cases,Magic number,376,,,Magic number 4 found in 'test_ignore_words_with_cases'. Define as EXPECTED_MIS_ERRORS_WITH_FLAG = 4.
dataset,test_basic.py,test_ignore_word_list,Magic number,408,,,Magic number 3 found in 'test_ignore_word_list'. Define as TOTAL_WORD_ERRORS = 3.
dataset,test_basic.py,test_inline_ignores,Magic number,438,,,Magic number 4 found in 'test_inline_ignores'. Define as EXPECTED_ERRORS_INVALID_IGNORE = 4.
dataset,test_basic.py,test_exclude_file,Magic number,504,,,Magic number 18 found in 'test_exclude_file'. Define as TOTAL_ABANDONNED_ERRORS = 18.
dataset,test_basic.py,test_quiet_level_32,Magic number,1243,,,Magic number 32 found in 'test_quiet_level_32'. Define as QUIET_LEVEL_NO_CONFIG = 32.
dataset,test_basic.py,test_ill_formed_ini_config_file,Magic number,1275,,,Magic number 78 found in 'test_ill_formed_ini_config_file'. Define as CONFIG_ERROR_CODE = 78.
dataset,test_basic.py,test_config_toml,Magic number,1297,,,Magic number 3 found in 'test_config_toml'. Define as EXPECTED_MISSPELLINGS = 3.
dataset,test_basic.py,test_config_toml,Magic number,1322,,,Magic number 3 found in 'test_config_toml'. Define as PYTHON_VERSION_MAJOR = 3.
dataset,test_basic.py,test_config_toml,Magic number,1322,,,Magic number 11 found in 'test_config_toml'. Define as PYTHON_VERSION_MINOR = 11.
dataset,test_basic.py,test_stdin,Magic number,1397,,,Magic number 4 found in 'test_stdin'. Define as INPUT_FILE_LINES = 4.
dataset,test_basic.py,main,Long message chain,55,,,Message chain at line 55 has 3 chained methods (threshold: 2). Use 'Hide Delegate' pattern.
dataset,test_basic.py,main,Long message chain,57,,,Message chain at line 57 has 3 chained methods (threshold: 2). Use 'Hide Delegate' pattern.
dataset,test_basic.py,run_codespell,Long message chain,80,,,Message chain at line 80 has 3 chained methods (threshold: 2). Use 'Hide Delegate' pattern.
dataset,settings.py,_get_total_physmem,Complex method,,156,225,Method '_get_total_physmem' has cyclomatic complexity of 13 (threshold: 7). Extract nested conditions into separate methods.
dataset,settings.py,read_config,Complex method,,227,380,Method 'read_config' has cyclomatic complexity of 35 (threshold: 7). Extract nested conditions into separate methods.
dataset,settings.py,read_whitelist,Complex method,,381,414,Method 'read_whitelist' has cyclomatic complexity of 10 (threshold: 7). Extract nested conditions into separate methods.
dataset,settings.py,_get_total_physmem,Long method,,156,225,Method '_get_total_physmem' has 70 lines (threshold: 67). Consider breaking it down into smaller methods.
dataset,settings.py,read_config,Long method,,227,380,Method 'read_config' has 154 lines (threshold: 67). Consider breaking it down into smaller methods.
dataset,settings.py,read_config,Complex conditional,259,,,Conditional at line 259 has 3 logical operators (threshold: 2). Extract into named boolean variables.
dataset,settings.py,read_config,Complex conditional,331,,,Conditional at line 331 has 3 logical operators (threshold: 2). Extract into named boolean variables.
dataset,settings.py,file_level,Long statement,31,,,Line 31 has 163 characters (threshold: 120). Break into multiple lines.
dataset,settings.py,file_level,Long statement,47,,,Line 47 has 154 characters (threshold: 120). Break into multiple lines.
dataset,settings.py,file_level,Long statement,51,,,Line 51 has 149 characters (threshold: 120). Break into multiple lines.
dataset,settings.py,file_level,Long statement,74,,,Line 74 has 130 characters (threshold: 120). Break into multiple lines.
dataset,settings.py,file_level,Long statement,76,,,Line 76 has 149 characters (threshold: 120). Break into multiple lines.
dataset,settings.py,file_level,Long statement,78,,,Line 78 has 127 characters (threshold: 120). Break into multiple lines.
dataset,settings.py,file_level,Long statement,83,,,Line 83 has 175 characters (threshold: 120). Break into multiple lines.
dataset,settings.py,file_level,Long statement,85,,,Line 85 has 202 characters (threshold: 120). Break into multiple lines.
dataset,settings.py,file_level,Long statement,86,,,Line 86 has 151 characters (threshold: 120). Break into multiple lines.
dataset,settings.py,file_level,Long statement,87,,,Line 87 has 128 characters (threshold: 120). Break into multiple lines.
dataset,settings.py,file_level,Long statement,89,,,Line 89 has 413 characters (threshold: 120). Break into multiple lines.
dataset,settings.py,file_level,Long statement,93,,,Line 93 has 169 characters (threshold: 120). Break into multiple lines.
dataset,settings.py,file_level,Long statement,96,,,Line 96 has 234 characters (threshold: 120). Break into multiple lines.
dataset,settings.py,file_level,Long statement,98,,,Line 98 has 362 characters (threshold: 120). Break into multiple lines.
dataset,settings.py,file_level,Long statement,99,,,Line 99 has 202 characters (threshold: 120). Break into multiple lines.
dataset,settings.py,file_level,Long statement,100,,,Line 100 has 234 characters (threshold: 120). Break into multiple lines.
dataset,settings.py,file_level,Long statement,101,,,Line 101 has 682 characters (threshold: 120). Break into multiple lines.
dataset,settings.py,file_level,Long statement,108,,,Line 108 has 179 characters (threshold: 120). Break into multiple lines.
dataset,settings.py,file_level,Long statement,112,,,Line 112 has 137 characters (threshold: 120). Break into multiple lines.
dataset,settings.py,file_level,Long statement,113,,,Line 113 has 264 characters (threshold: 120). Break into multiple lines.
dataset,settings.py,file_level,Long statement,118,,,Line 118 has 151 characters (threshold: 120). Break into multiple lines.
dataset,settings.py,file_level,Long statement,119,,,Line 119 has 121 characters (threshold: 120). Break into multiple lines.
dataset,settings.py,file_level,Long statement,123,,,Line 123 has 127 characters (threshold: 120). Break into multiple lines.
dataset,settings.py,file_level,Long statement,126,,,Line 126 has 126 characters (threshold: 120). Break into multiple lines.
dataset,settings.py,file_level,Long statement,142,,,Line 142 has 1046 characters (threshold: 120). Break into multiple lines.
dataset,settings.py,file_level,Long statement,145,,,Line 145 has 145 characters (threshold: 120). Break into multiple lines.
dataset,settings.py,read_config,Long statement,250,,,Line 250 has 121 characters (threshold: 120). Break into multiple lines.
dataset,settings.py,read_config,Long statement,301,,,Line 301 has 121 characters (threshold: 120). Break into multiple lines.
dataset,settings.py,read_config,Long statement,307,,,Line 307 has 139 characters (threshold: 120). Break into multiple lines.
dataset,settings.py,read_config,Long statement,314,,,Line 314 has 121 characters (threshold: 120). Break into multiple lines.
dataset,settings.py,read_config,Long statement,332,,,Line 332 has 177 characters (threshold: 120). Break into multiple lines.
dataset,settings.py,read_config,Long statement,341,,,Line 341 has 139 characters (threshold: 120). Break into multiple lines.
dataset,settings.py,read_config,Long statement,344,,,Line 344 has 145 characters (threshold: 120). Break into multiple lines.
dataset,settings.py,read_config,Long statement,355,,,Line 355 has 133 characters (threshold: 120). Break into multiple lines.
dataset,settings.py,read_config,Long statement,362,,,Line 362 has 127 characters (threshold: 120). Break into multiple lines.
dataset,settings.py,file_level,Long identifier,43,,,Identifier 'CHECK_CONNECTION_MAX_RETRIES' has 28 characters (threshold: 20). Consider shortening.
dataset,settings.py,file_level,Long identifier,49,,,Identifier 'SESSION_COOKIE_FLAG_SAMESITE' has 29 characters (threshold: 20). Consider shortening.
dataset,settings.py,file_level,Long identifier,54,,,Identifier 'LOAD_TRAILS_RETRY_SLEEP_TIME' has 29 characters (threshold: 20). Consider shortening.
dataset,settings.py,file_level,Long identifier,56,,,Identifier 'NO_SUCH_NAME_PER_HOUR_THRESHOLD' has 32 characters (threshold: 20). Consider shortening.
dataset,settings.py,file_level,Long identifier,68,,,Identifier 'DEFAULT_EVENT_LOG_PERMISSIONS' has 30 characters (threshold: 20). Consider shortening.
dataset,settings.py,file_level,Long identifier,69,,,Identifier 'DEFAULT_ERROR_LOG_PERMISSIONS' has 30 characters (threshold: 20). Consider shortening.
dataset,settings.py,file_level,Long identifier,75,,,Identifier 'CONDENSED_EVENTS_FLUSH_PERIOD' has 30 characters (threshold: 20). Consider shortening.
dataset,settings.py,file_level,Long identifier,83,,,Identifier 'IGNORE_DNS_QUERY_SUFFIXES' has 25 characters (threshold: 20). Consider shortening.
dataset,settings.py,file_level,Long identifier,86,,,Identifier 'SUSPICIOUS_DIRECT_DOWNLOAD_EXTENSIONS' has 38 characters (threshold: 20). Consider shortening.
dataset,settings.py,file_level,Long identifier,87,,,Identifier 'WHITELIST_DIRECT_DOWNLOAD_KEYWORDS' has 35 characters (threshold: 20). Consider shortening.
dataset,settings.py,file_level,Long identifier,88,,,Identifier 'SUSPICIOUS_HTTP_REQUEST_REGEXES' has 31 characters (threshold: 20). Consider shortening.
dataset,settings.py,file_level,Long identifier,103,,,Identifier 'SUSPICIOUS_HTTP_PATH_REGEXES' has 28 characters (threshold: 20). Consider shortening.
dataset,settings.py,file_level,Long identifier,107,,,Identifier 'SUSPICIOUS_HTTP_REQUEST_PRE_CONDITION' has 37 characters (threshold: 20). Consider shortening.
dataset,settings.py,file_level,Long identifier,108,,,Identifier 'SUSPICIOUS_DIRECT_IP_URL_REGEX' has 30 characters (threshold: 20). Consider shortening.
dataset,settings.py,file_level,Long identifier,109,,,Identifier 'SUSPICIOUS_PROXY_PROBE_PRE_CONDITION' has 37 characters (threshold: 20). Consider shortening.
dataset,settings.py,file_level,Long identifier,110,,,Identifier 'SUSPICIOUS_HTTP_REQUEST_FORCE_ENCODE_CHARS' has 42 characters (threshold: 20). Consider shortening.
dataset,settings.py,file_level,Long identifier,118,,,Identifier 'WHITELIST_HTTP_REQUEST_PATHS' has 28 characters (threshold: 20). Consider shortening.
dataset,settings.py,file_level,Long identifier,120,,,Identifier 'WHITELIST_LONG_DOMAIN_NAME_KEYWORDS' has 36 characters (threshold: 20). Consider shortening.
dataset,settings.py,file_level,Long identifier,130,,,Identifier 'INFECTION_SCANNING_THRESHOLD' has 28 characters (threshold: 20). Consider shortening.
dataset,settings.py,file_level,Long identifier,136,,,Identifier 'SUSPICIOUS_DOMAIN_LENGTH_THRESHOLD' has 34 characters (threshold: 20). Consider shortening.
dataset,settings.py,file_level,Long identifier,137,,,Identifier 'SUSPICIOUS_DOMAIN_CONSONANT_THRESHOLD' has 38 characters (threshold: 20). Consider shortening.
dataset,settings.py,file_level,Long identifier,138,,,Identifier 'SUSPICIOUS_DOMAIN_ENTROPY_THRESHOLD' has 35 characters (threshold: 20). Consider shortening.
dataset,settings.py,file_level,Long identifier,142,,,Identifier 'STATIC_IPCAT_LOOKUPS' has 21 characters (threshold: 20). Consider shortening.
dataset,settings.py,<module>,Magic number,31,,,Magic number 8 found in '<module>'. Define as BITS_PER_BYTE = 8.
dataset,settings.py,<module>,Magic number,34,,,Magic number 30 found in '<module>'. Define as DEFAULT_TIMEOUT_SECONDS = 30.
dataset,settings.py,<module>,Magic number,45,,,Magic number 8338 found in '<module>'. Define as HTTP_DEFAULT_PORT = 8338.
dataset,settings.py,<module>,Magic number,50,,,Magic number 2000 found in '<module>'. Define as SNAP_LEN = 2000.
dataset,settings.py,<module>,Magic number,51,,,Magic number 4 found in '<module>'. Define as INT_SIZE = 4.
dataset,settings.py,<module>,Magic number,52,,,Magic number 0.00001 found in '<module>'. Define as SHORT_SENSOR_SLEEP_TIME = 0.00001.
dataset,settings.py,<module>,Magic number,53,,,Magic number 0.001 found in '<module>'. Define as REGULAR_SENSOR_SLEEP_TIME = 0.001.
dataset,settings.py,<module>,Magic number,54,,,Magic number 60 found in '<module>'. Define as LOAD_TRAILS_RETRY_SLEEP_TIME = 60.
dataset,settings.py,<module>,Magic number,55,,,Magic number 5 found in '<module>'. Define as UNAUTHORIZED_SLEEP_TIME = 5.
dataset,settings.py,<module>,Magic number,56,,,Magic number 20 found in '<module>'. Define as NO_SUCH_NAME_PER_HOUR_THRESHOLD = 20.
dataset,settings.py,<module>,Magic number,65,,,Magic number 18 found in '<module>'. Define as MAX_HELP_OPTION_LENGTH = 18.
dataset,settings.py,<module>,Magic number,82,,,Magic number 135 found in '<module>'. Define as PORT_NETBIOS_SESSION = 135.
dataset,settings.py,<module>,Magic number,82,,,Magic number 139 found in '<module>'. Define as PORT_NETBIOS_SESSION_ALT = 139.
dataset,settings.py,<module>,Magic number,82,,,Magic number 445 found in '<module>'. Define as PORT_SMB = 445.
dataset,settings.py,<module>,Magic number,82,,,Magic number 1433 found in '<module>'. Define as PORT_MSSQL = 1433.
dataset,settings.py,<module>,Magic number,82,,,Magic number 3389 found in '<module>'. Define as PORT_RDP = 3389.
dataset,settings.py,<module>,Magic number,82,,,Magic number 6379 found in '<module>'. Define as PORT_REDIS = 6379.
dataset,settings.py,<module>,Magic number,124,,,Magic number 16 found in '<module>'. Define as SESSION_ID_LENGTH = 16.
dataset,settings.py,<module>,Magic number,125,,,Magic number 24 found in '<module>'. Define as SESSION_EXPIRATION_HOURS = 24.
dataset,settings.py,<module>,Magic number,127,,,Magic number 9 found in '<module>'. Define as DEFLATE_COMPRESS_LEVEL = 9.
dataset,settings.py,<module>,Magic number,130,,,Magic number 32 found in '<module>'. Define as INFECTION_SCANNING_THRESHOLD = 32.
dataset,settings.py,<module>,Magic number,131,,,Magic number 1000 found in '<module>'. Define as MAX_CACHE_ENTRIES = 1000.
dataset,settings.py,<module>,Magic number,133,,,Magic number 60 found in '<module>'. Define as SECONDS_PER_HOUR = 60.
dataset,settings.py,<module>,Magic number,134,,,Magic number 24 found in '<module>'. Define as HOURS_PER_DAY = 24.
dataset,settings.py,<module>,Magic number,136,,,Magic number 24 found in '<module>'. Define as SUSPICIOUS_DOMAIN_LENGTH_THRESHOLD = 24.
dataset,settings.py,<module>,Magic number,137,,,Magic number 9 found in '<module>'. Define as SUSPICIOUS_DOMAIN_CONSONANT_THRESHOLD = 9.
dataset,settings.py,<module>,Magic number,138,,,Magic number 3.5 found in '<module>'. Define as SUSPICIOUS_DOMAIN_ENTROPY_THRESHOLD = 3.5.
dataset,settings.py,<module>,Magic number,145,,,Magic number 4 found in '<module>'. Define as DLT_OFFSET_DEFAULT = 4.
dataset,settings.py,<module>,Magic number,145,,,Magic number 6 found in '<module>'. Define as DLT_OFFSET_ETHERNET = 6.
dataset,settings.py,<module>,Magic number,145,,,Magic number 22 found in '<module>'. Define as DLT_OFFSET_PPP = 22.
dataset,settings.py,<module>,Magic number,145,,,Magic number 16 found in '<module>'. Define as DLT_OFFSET_RAW = 16.
dataset,settings.py,<module>,Magic number,145,,,Magic number 21 found in '<module>'. Define as DLT_OFFSET_SLIP = 21.
dataset,settings.py,<module>,Magic number,145,,,Magic number 48 found in '<module>'. Define as DLT_OFFSET_LINUX_SLL = 48.
dataset,settings.py,<module>,Magic number,184,,,Magic number 1024 found in '_get_total_physmem'. Define as BYTES_PER_KB = 1024.
dataset,settings.py,<module>,Magic number,209,,,Magic number 1024 found in '_get_total_physmem'. Define as BYTES_PER_KB = 1024.
dataset,settings.py,<module>,Magic number,221,,,Magic number 1024 found in '_get_total_physmem'. Define as BYTES_PER_KB = 1024.
dataset,settings.py,read_config,Magic number,304,,,Magic number 4 found in 'read_config'. Define as USER_ENTRY_FIELD_COUNT = 4.
dataset,settings.py,read_config,Magic number,355,,,Magic number 1024 found in 'read_config'. Define as BYTES_PER_KB = 1024.
dataset,settings.py,read_config,Magic number,355,,,Magic number 3 found in 'read_config'. Define as POWER_OF_TWO_GB = 3.
dataset,settings.py,add_ignorelist,Magic number,425,,,Magic number 3 found in 'add_ignorelist'. Define as IGNORE_EVENT_FIELD_COUNT = 3.
dataset,settings.py,_get_total_physmem,Empty catch block,185,,,Empty catch block in '_get_total_physmem' at line 185. Add logging or proper error handling.
dataset,settings.py,_get_total_physmem,Empty catch block,192,,,Empty catch block in '_get_total_physmem' at line 192. Add logging or proper error handling.
dataset,settings.py,_get_total_physmem,Empty catch block,198,,,Empty catch block in '_get_total_physmem' at line 198. Add logging or proper error handling.
dataset,settings.py,_get_total_physmem,Empty catch block,204,,,Empty catch block in '_get_total_physmem' at line 204. Add logging or proper error handling.
dataset,settings.py,_get_total_physmem,Empty catch block,210,,,Empty catch block in '_get_total_physmem' at line 210. Add logging or proper error handling.
dataset,settings.py,_get_total_physmem,Empty catch block,216,,,Empty catch block in '_get_total_physmem' at line 216. Add logging or proper error handling.
dataset,settings.py,_get_total_physmem,Empty catch block,222,,,Empty catch block in '_get_total_physmem' at line 222. Add logging or proper error handling.
dataset,settings.py,read_config,Empty catch block,296,,,Empty catch block in 'read_config' at line 296. Add logging or proper error handling.
dataset,settings.py,read_ua,Empty catch block,456,,,Empty catch block in 'read_ua' at line 456. Add logging or proper error handling.
dataset,settings.py,file_level,Long lambda function,110,,,Lambda at line 110 has 81 characters (threshold: 80). Convert to named function.
dataset,settings.py,file_level,Long lambda function,126,,,Lambda at line 126 has 88 characters (threshold: 80). Convert to named function.
dataset,settings.py,read_config,Long message chain,261,,,Message chain at line 261 has 3 chained methods (threshold: 2). Use 'Hide Delegate' pattern.
dataset,settings.py,read_config,Long message chain,269,,,Message chain at line 269 has 3 chained methods (threshold: 2). Use 'Hide Delegate' pattern.
dataset,addr.py,expand_range,Complex method,,36,65,Method 'expand_range' has cyclomatic complexity of 8 (threshold: 7). Extract nested conditions into separate methods.
dataset,addr.py,expand_range,Complex conditional,50,,,Conditional at line 50 has 3 logical operators (threshold: 2). Extract into named boolean variables.
dataset,addr.py,expand_range,Complex conditional,58,,,Conditional at line 58 has 3 logical operators (threshold: 2). Extract into named boolean variables.
dataset,addr.py,addr_to_int,Magic number,14,,,"Magic numbers 24, 16, 8 found in 'addr_to_int'. Define as constants like BITS_FIRST_OCTET = 24, BITS_SECOND_OCTET = 16, BITS_THIRD_OCTET = 8."
dataset,addr.py,int_to_addr,Magic number,17,,,"Magic numbers 24, 16, 8 and 0xff found in 'int_to_addr'. Define as constants like BITS_FIRST_OCTET = 24, BITS_SECOND_OCTET = 16, BITS_THIRD_OCTET = 8, BYTE_MASK = 0xff."
dataset,addr.py,make_mask,Magic number,20,,,"Magic numbers 0xffffffff and 32 found in 'make_mask'. Define as constants like IPV4_MAX_VALUE = 0xffffffff, IPV4_BITS = 32."
dataset,addr.py,inet_ntoa6,Magic number,34,,,Magic number 4 found in 'inet_ntoa6'. Define as constant like IPV6_HEX_GROUP_SIZE = 4.
dataset,addr.py,expand_range,Magic number,44,,,Magic number 32 found in 'expand_range'. Define as constant like IPV4_BITS = 32.
dataset,addr.py,expand_range,Magic number,47,,,Magic number 32 found in 'expand_range'. Define as constant like IPV4_BITS = 32.
dataset,addr.py,expand_range,Magic number,48,,,Magic number 65536 found in 'expand_range'. Define as constant like MAX_RANGE_SIZE = 65536.
dataset,addr.py,compress_ipv6,Long lambda function,25,,,Lambda at line 25 has 81 characters (threshold: 80). Convert to named function.
dataset,addr.py,addr_to_int,Long message chain,13,,,Message chain at line 13 has 3 chained methods (threshold: 2). Use 'Hide Delegate' pattern.
dataset,addr.py,compress_ipv6,Long message chain,25,,,Message chain at line 25 has 3 chained methods (threshold: 2). Use 'Hide Delegate' pattern.
dataset,addr.py,inet_ntoa6,Long message chain,33,,,Message chain at line 33 has 3 chained methods (threshold: 2). Use 'Hide Delegate' pattern.
dataset,addr.py,expand_range,Long message chain,42,,,Message chain at line 42 has 3 chained methods (threshold: 2). Use 'Hide Delegate' pattern.
dataset,addr.py,expand_range,Long message chain,55,,,Message chain at line 55 has 3 chained methods (threshold: 2). Use 'Hide Delegate' pattern.
dataset,addr.py,addr_port,Long message chain,69,,,Message chain at line 69 has 3 chained methods (threshold: 2). Use 'Hide Delegate' pattern.
dataset,colorized.py,write,Complex method,,21,42,Method 'write' has cyclomatic complexity of 8 (threshold: 7). Extract nested conditions into separate methods.
dataset,colorized.py,__init__,Long statement,16,,,Line 16 has 221 characters (threshold: 120). Break into multiple lines.
dataset,colorized.py,__init__,Long statement,17,,,Line 17 has 165 characters (threshold: 120). Break into multiple lines.
dataset,colorized.py,__init__,Long statement,18,,,Line 18 has 188 characters (threshold: 120). Break into multiple lines.
dataset,colorized.py,__init__,Long statement,19,,,Line 19 has 143 characters (threshold: 120). Break into multiple lines.
dataset,colorized.py,write,Long statement,24,,,Line 24 has 169 characters (threshold: 120). Break into multiple lines.
dataset,colorized.py,write,Long statement,27,,,Line 27 has 197 characters (threshold: 120). Break into multiple lines.
dataset,colorized.py,write,Long statement,28,,,Line 28 has 149 characters (threshold: 120). Break into multiple lines.
dataset,colorized.py,write,Long statement,34,,,Line 34 has 184 characters (threshold: 120). Break into multiple lines.
dataset,colorized.py,write,Long statement,36,,,Line 36 has 177 characters (threshold: 120). Break into multiple lines.
dataset,colorized.py,write,Long statement,37,,,Line 37 has 194 characters (threshold: 120). Break into multiple lines.
dataset,colorized.py,write,Long statement,40,,,Line 40 has 130 characters (threshold: 120). Break into multiple lines.
dataset,colorized.py,file_level,Long lambda function,27,,,Lambda at line 27 has 113 characters (threshold: 80). Convert to named function.
dataset,colorized.py,file_level,Long lambda function,28,,,Lambda at line 28 has 81 characters (threshold: 80). Convert to named function.
dataset,colorized.py,file_level,Long lambda function,34,,,Lambda at line 34 has 115 characters (threshold: 80). Convert to named function.
dataset,colorized.py,file_level,Long lambda function,36,,,Lambda at line 36 has 106 characters (threshold: 80). Convert to named function.
dataset,colorized.py,file_level,Long lambda function,37,,,Lambda at line 37 has 145 characters (threshold: 80). Convert to named function.
dataset,colorized.py,init_output,Long message chain,11,,,Message chain at line 11 has 3 chained methods (threshold: 2). Use 'Hide Delegate' pattern.
dataset,log.py,get_event_log_handle,Complex method,,52,81,Method 'get_event_log_handle' has cyclomatic complexity of 8 (threshold: 7). Extract nested conditions into separate methods.
dataset,log.py,flush_condensed_events,Complex method,,100,132,Method 'flush_condensed_events' has cyclomatic complexity of 8 (threshold: 7). Extract nested conditions into separate methods.
dataset,log.py,log_event,Complex method,,134,226,Method 'log_event' has cyclomatic complexity of 21 (threshold: 7). Extract nested conditions into separate methods.
dataset,log.py,log_event,Long method,,134,226,Method 'log_event' has 93 lines (threshold: 67). Consider breaking it down into smaller methods.
dataset,log.py,log_event,Complex conditional,147,,,Conditional at line 147 has 3 logical operators (threshold: 2). Extract into named boolean variables.
dataset,log.py,log_event,Complex conditional,217,,,Conditional at line 217 has 3 logical operators (threshold: 2). Extract into named boolean variables.
dataset,log.py,log_event,Long parameter list,134,,,Method 'log_event' has 5 parameters (threshold: 4). Consider introducing a parameter object.
dataset,log.py,get_event_log_handle,Long statement,56,,,Line 56 has 127 characters (threshold: 120). Break into multiple lines.
dataset,log.py,log_event,Long statement,147,,,Line 147 has 168 characters (threshold: 120). Break into multiple lines.
dataset,log.py,log_event,Long statement,172,,,Line 172 has 149 characters (threshold: 120). Break into multiple lines.
dataset,log.py,log_event,Long statement,179,,,Line 179 has 121 characters (threshold: 120). Break into multiple lines.
dataset,log.py,log_event,Long statement,185,,,Line 185 has 169 characters (threshold: 120). Break into multiple lines.
dataset,log.py,log_event,Long statement,205,,,Line 205 has 133 characters (threshold: 120). Break into multiple lines.
dataset,log.py,log_event,Long statement,206,,,Line 206 has 321 characters (threshold: 120). Break into multiple lines.
dataset,log.py,log_event,Long statement,212,,,Line 212 has 224 characters (threshold: 120). Break into multiple lines.
dataset,log.py,log_event,Long statement,217,,,Line 217 has 130 characters (threshold: 120). Break into multiple lines.
dataset,log.py,log_error,Long statement,237,,,Line 237 has 121 characters (threshold: 120). Break into multiple lines.
dataset,log.py,handle,Long statement,254,,,Line 254 has 127 characters (threshold: 120). Break into multiple lines.
dataset,log.py,start_logd,Long statement,278,,,Line 278 has 133 characters (threshold: 120). Break into multiple lines.
dataset,log.py,file_level,Long identifier,27,,,Identifier 'CONDENSED_EVENTS_FLUSH_PERIOD' has 30 characters (threshold: 20). Consider shortening.
dataset,log.py,file_level,Long identifier,28,,,Identifier 'DEFAULT_ERROR_LOG_PERMISSIONS' has 30 characters (threshold: 20). Consider shortening.
dataset,log.py,file_level,Long identifier,29,,,Identifier 'DEFAULT_EVENT_LOG_PERMISSIONS' has 30 characters (threshold: 20). Consider shortening.
dataset,log.py,get_event_log_handle,Long identifier,52,,,Identifier 'get_event_log_handle' has 21 characters (threshold: 20). Consider shortening.
dataset,log.py,get_error_log_handle,Long identifier,83,,,Identifier 'get_error_log_handle' has 21 characters (threshold: 20). Consider shortening.
dataset,log.py,flush_condensed_events,Long identifier,100,,,Identifier 'flush_condensed_events' has 22 characters (threshold: 20). Consider shortening.
dataset,log.py,flush_condensed_events,Magic number,115,,,Magic number 3 found in 'flush_condensed_events'. Define as SRC_PORT_INDEX = 3.
dataset,log.py,flush_condensed_events,Magic number,115,,,Magic number 7 found in 'flush_condensed_events'. Define as PROTO_INDEX_END = 7.
dataset,log.py,log_event,Magic number,149,,,Magic number 6 found in 'log_event'. Define as MICROSECONDS_PRECISION = 6.
dataset,log.py,log_event,Magic number,185,,,Magic number 4 found in 'log_event'. Define as ADDRESS_INFO_INDEX = 4.
dataset,log.py,start_logd,Magic number,278,,,Magic number 4 found in 'start_logd'. Define as ADDRESS_INFO_INDEX = 4.
dataset,log.py,get_event_log_handle,Empty catch block,69,,,Empty catch block in 'get_event_log_handle' at line 69. Add logging or proper error handling.
dataset,log.py,handle,Empty catch block,264,,,Empty catch block in 'handle' at line 264. Add logging or proper error handling.
dataset,log.py,file_level,Long lambda function,125,,,Lambda at line 125 has 81 characters (threshold: 80). Convert to named function.
dataset,log.py,file_level,Long lambda function,172,,,Lambda at line 172 has 81 characters (threshold: 80). Convert to named function.
dataset,log.py,get_event_log_handle,Long message chain,179,,,Message chain at line 179 has 3 chained methods (threshold: 2). Use 'Hide Delegate' pattern.
dataset,log.py,start_logd,Long message chain,254,,,Message chain at line 254 has 3 chained methods (threshold: 2). Use 'Hide Delegate' pattern.
dataset,update.py,update_trails,Complex method,,70,338,Method 'update_trails' has cyclomatic complexity of 68 (threshold: 7). Extract nested conditions into separate methods.
dataset,update.py,update_trails,Long method,,70,338,Method 'update_trails' has 268 lines (threshold: 67). Consider breaking it down into smaller methods.
dataset,update.py,update_trails,Complex conditional,108,,,Conditional at line 108 has 4 logical operators (threshold: 2). Extract into named boolean variables.
dataset,update.py,update_trails,Complex conditional,164,,,Conditional at line 164 has 4 logical operators (threshold: 2). Extract into named boolean variables.
dataset,update.py,update_trails,Complex conditional,262,,,Conditional at line 262 has 3 logical operators (threshold: 2). Extract into named boolean variables.
dataset,update.py,update_trails,Complex conditional,311,,,Conditional at line 311 has 3 logical operators (threshold: 2). Extract into named boolean variables.
dataset,update.py,update_ipcat,Complex conditional,349,,,Conditional at line 349 has 4 logical operators (threshold: 2). Extract into named boolean variables.
dataset,update.py,file_level,Long statement,20,,,Line 20 has 133 characters (threshold: 120). Break into multiple lines.
dataset,update.py,update_trails,Long statement,93,,,Line 93 has 121 characters (threshold: 120). Break into multiple lines.
dataset,update.py,update_trails,Long statement,104,,,Line 104 has 153 characters (threshold: 120). Break into multiple lines.
dataset,update.py,update_trails,Long statement,108,,,Line 108 has 283 characters (threshold: 120). Break into multiple lines.
dataset,update.py,update_trails,Long statement,128,,,Line 128 has 128 characters (threshold: 120). Break into multiple lines.
dataset,update.py,update_trails,Long statement,133,,,Line 133 has 159 characters (threshold: 120). Break into multiple lines.
dataset,update.py,update_trails,Long statement,146,,,Line 146 has 127 characters (threshold: 120). Break into multiple lines.
dataset,update.py,update_trails,Long statement,149,,,Line 149 has 121 characters (threshold: 120). Break into multiple lines.
dataset,update.py,update_trails,Long statement,152,,,Line 152 has 137 characters (threshold: 120). Break into multiple lines.
dataset,update.py,update_trails,Long statement,164,,,Line 164 has 308 characters (threshold: 120). Break into multiple lines.
dataset,update.py,update_trails,Long statement,250,,,Line 250 has 143 characters (threshold: 120). Break into multiple lines.
dataset,update.py,update_trails,Long statement,255,,,Line 255 has 149 characters (threshold: 120). Break into multiple lines.
dataset,update.py,update_trails,Long statement,262,,,Line 262 has 188 characters (threshold: 120). Break into multiple lines.
dataset,update.py,update_trails,Long statement,311,,,Line 311 has 169 characters (threshold: 120). Break into multiple lines.
dataset,update.py,update_trails,Long statement,316,,,Line 316 has 133 characters (threshold: 120). Break into multiple lines.
dataset,update.py,update_trails,Long statement,317,,,Line 317 has 133 characters (threshold: 120). Break into multiple lines.
dataset,update.py,update_trails,Long statement,323,,,Line 323 has 121 characters (threshold: 120). Break into multiple lines.
dataset,update.py,update_ipcat,Long statement,349,,,Line 349 has 211 characters (threshold: 120). Break into multiple lines.
dataset,update.py,update_ipcat,Long statement,363,,,Line 363 has 121 characters (threshold: 120). Break into multiple lines.
dataset,update.py,update_ipcat,Long statement,372,,,Line 372 has 141 characters (threshold: 120). Break into multiple lines.
dataset,update.py,main,Long statement,397,,,Line 397 has 121 characters (threshold: 120). Break into multiple lines.
dataset,update.py,main,Long statement,401,,,Line 401 has 121 characters (threshold: 120). Break into multiple lines.
dataset,update.py,main,Long statement,411,,,Line 411 has 169 characters (threshold: 120). Break into multiple lines.
dataset,update.py,main,Long statement,412,,,Line 412 has 169 characters (threshold: 120). Break into multiple lines.
dataset,update.py,main,Long statement,421,,,Line 421 has 121 characters (threshold: 120). Break into multiple lines.
dataset,update.py,file_level,Long identifier,36,,,Identifier 'LOW_PRIORITY_INFO_KEYWORDS' has 27 characters (threshold: 20). Consider shortening.
dataset,update.py,file_level,Long identifier,37,,,Identifier 'HIGH_PRIORITY_INFO_KEYWORDS' has 28 characters (threshold: 20). Consider shortening.
dataset,update.py,file_level,Long identifier,38,,,Identifier 'HIGH_PRIORITY_REFERENCES' has 24 characters (threshold: 20). Consider shortening.
dataset,update.py,file_level,Long identifier,152,,,Identifier 'DISABLED_TRAILS_INFO_REGEX' has 26 characters (threshold: 20). Consider shortening.
dataset,update.py,file_level,Long identifier,233,,,Identifier 'DISABLED_TRAILS_INFO_REGEX' has 26 characters (threshold: 20). Consider shortening.
dataset,update.py,file_level,Long identifier,234,,,Identifier 'DISABLED_TRAILS_INFO_REGEX' has 26 characters (threshold: 20). Consider shortening.
dataset,update.py,update_trails,Magic number,216,,,Magic number 32 found in 'update_trails'. Define as MAX_CIDR_MASK = 32.
dataset,update.py,update_trails,Magic number,219,,,Magic number 32 found in 'update_trails'. Define as IPV4_BITS = 32.
dataset,update.py,update_trails,Magic number,220,,,Magic number 1024 found in 'update_trails'. Define as MAX_IP_RANGE_SIZE = 1024.
dataset,update.py,update_trails,Magic number,255,,,Magic number 255 found in 'update_trails'. Define as MAX_OCTET_VALUE = 255.
dataset,update.py,update_trails,Magic number,262,,,Magic number 3 found in 'update_trails'. Define as DEFAULT_IP_MINIMUM_FEEDS = 3.
dataset,update.py,update_ipcat,Magic number,349,,,Magic number 24 found in 'update_ipcat'. Define as HOURS_PER_DAY = 24.
dataset,update.py,update_ipcat,Magic number,349,,,Magic number 3600 found in 'update_ipcat'. Define as SECONDS_PER_HOUR = 3600.
dataset,update.py,update_trails,Empty catch block,174,,,Empty catch block in 'update_trails' at line 174. Add logging or proper error handling.
dataset,update.py,update_trails,Empty catch block,247,,,Empty catch block in 'update_trails' at line 247. Add logging or proper error handling.
dataset,update.py,<module>,Empty catch block,54,,,Empty catch block in '<module>' at line 54. Add logging or proper error handling.
dataset,update.py,file_level,Long lambda function,415,,,Lambda at line 415 has 81 characters (threshold: 80). Convert to named function.
dataset,update.py,update_trails,Long message chain,20,,,Message chain at line 20 has 3 chained methods (threshold: 2). Use 'Hide Delegate' pattern.
dataset,update.py,update_trails,Long message chain,99,,,Message chain at line 99 has 3 chained methods (threshold: 2). Use 'Hide Delegate' pattern.
dataset,update.py,update_trails,Long message chain,104,,,Message chain at line 104 has 3 chained methods (threshold: 2). Use 'Hide Delegate' pattern.
dataset,update.py,update_trails,Long message chain,108,,,Message chain at line 108 has 3 chained methods (threshold: 2). Use 'Hide Delegate' pattern.
dataset,update.py,update_trails,Long message chain,139,,,Message chain at line 139 has 3 chained methods (threshold: 2). Use 'Hide Delegate' pattern.
dataset,common.py,retrieve_content,Complex method,,44,72,Method 'retrieve_content' has cyclomatic complexity of 8 (threshold: 7). Extract nested conditions into separate methods.
dataset,common.py,ipcat_lookup,Complex method,,74,109,Method 'ipcat_lookup' has cyclomatic complexity of 9 (threshold: 7). Extract nested conditions into separate methods.
dataset,common.py,process,Complex method,,187,217,Method 'process' has cyclomatic complexity of 13 (threshold: 7). Extract nested conditions into separate methods.
dataset,common.py,retrieve_content,Long statement,50,,,Line 50 has 211 characters (threshold: 120). Break into multiple lines.
dataset,common.py,get_regex,Long statement,217,,,Line 217 has 188 characters (threshold: 120). Break into multiple lines.
dataset,common.py,load_trails,Long statement,258,,,Line 258 has 121 characters (threshold: 120). Break into multiple lines.
dataset,common.py,patch_parser,Long statement,311,,,Line 311 has 121 characters (threshold: 120). Break into multiple lines.
dataset,common.py,file_level,Long identifier,26,,,Identifier 'CHECK_CONNECTION_URL' has 21 characters (threshold: 20). Consider shortening.
dataset,common.py,file_level,Long identifier,30,,,Identifier 'MAX_HELP_OPTION_LENGTH' has 22 characters (threshold: 20). Consider shortening.
dataset,common.py,file_level,Long identifier,31,,,Identifier 'STATIC_IPCAT_LOOKUPS' has 21 characters (threshold: 20). Consider shortening.
dataset,common.py,file_level,Long identifier,314,,,Identifier '_format_option_strings' has 22 characters (threshold: 20). Consider shortening.
dataset,common.py,file_level,Long identifier,317,,,Identifier '_format_action_invocation' has 25 characters (threshold: 20). Consider shortening.
dataset,common.py,file_level,Long identifier,323,,,Identifier '__format_action_invocation' has 26 characters (threshold: 20). Consider shortening.
dataset,common.py,retrieve_content,Magic number,57,,,Magic number -15 found in 'retrieve_content'. Define as ZLIB_WBITS_DEFLATE = -15.
dataset,common.py,retrieve_content,Magic number,59,,,Magic number 9 found in 'retrieve_content'. Define as GZIP_COMPRESSION_LEVEL = 9.
dataset,common.py,get_regex,Magic number,196,,,Magic number 65535 found in 'get_regex'. Define as MAX_UNICODE_VALUE = 65535.
dataset,common.py,load_trails,Magic number,252,,,Magic number 3 found in 'load_trails'. Define as EXPECTED_CSV_COLUMNS = 3.
dataset,common.py,ipcat_lookup,Empty catch block,104,,,Empty catch block in 'ipcat_lookup' at line 104. Add logging or proper error handling.
dataset,common.py,load_trails,Empty catch block,264,,,Empty catch block in 'load_trails' at line 264. Add logging or proper error handling.
dataset,common.py,get_text,Empty catch block,276,,,Empty catch block in 'get_text' at line 276. Add logging or proper error handling.
dataset,common.py,retrieve_content,Long lambda function,50,,,Lambda at line 50 has 103 characters (threshold: 80). Convert to named function.
dataset,common.py,get_regex,Long lambda function,217,,,Lambda at line 217 has 95 characters (threshold: 80). Convert to named function.
dataset,common.py,retrieve_content,Long message chain,53,,,Message chain at line 53 has 3 chained methods (threshold: 2). Use 'Hide Delegate' pattern.
dataset,common.py,get_regex,Long message chain,215,,,Message chain at line 215 has 3 chained methods (threshold: 2). Use 'Hide Delegate' pattern.
dataset,badips.py,fetch,Complex conditional,26,,,Conditional at line 26 has 3 logical operators (threshold: 2). Extract into named boolean variables.
dataset,badips.py,fetch,Magic number,10,,,Magic number 7 found in '__url__'. Define as a named constant like DAYS_AGE = 7.
dataset,badips.py,fetch,Magic number,11,,,Magic number 7 found in '__backup__'. Define as a named constant like DAYS_AGE = 7.
dataset,torproject.py,fetch,Complex conditional,22,,,Conditional at line 22 has 3 logical operators (threshold: 2). Extract into named boolean variables.
dataset,dataplane.py,fetch,Complex method,,14,26,Method 'fetch' has cyclomatic complexity of 8 (threshold: 7). Extract nested conditions into separate methods.
dataset,dataplane.py,fetch,Complex conditional,22,,,Conditional at line 22 has 3 logical operators (threshold: 2). Extract into named boolean variables.
dataset,dataplane.py,fetch,Long statement,16,,,Line 16 has 531 characters (threshold: 120). Break into multiple lines.
dataset,dataplane.py,fetch,Long message chain,24,,,Message chain at line 24 has 3 chained methods (threshold: 2). Use 'Hide Delegate' pattern.
dataset,alienvault.py,fetch,Complex method,,26,35,Method 'fetch' has cyclomatic complexity of 8 (threshold: 7). Extract nested conditions into separate methods.
dataset,alienvault.py,fetch,Complex conditional,31,,,Conditional at line 31 has 4 logical operators (threshold: 2). Extract into named boolean variables.
dataset,alienvault.py,fetch,Long statement,31,,,Line 31 has 209 characters (threshold: 120). Break into multiple lines.
dataset,alienvault.py,handle_reason,Missing default,17,,,Match-case at line 17 missing default case. Add 'case _:' to handle unknown values.
dataset,alienvault.py,fetch,Long lambda function,31,,,Lambda at line 31 has 143 characters (threshold: 80). Convert to named function.
dataset,alienvault.py,fetch,Long message chain,31,,,Message chain at line 31 has 3 chained methods (threshold: 2). Use 'Hide Delegate' pattern.
dataset,alienvault.py,fetch,Long message chain,33,,,Message chain at line 33 has 3 chained methods (threshold: 2). Use 'Hide Delegate' pattern.
